Datetime;Ticker;superior_POI;Close;Timeframe;DIRECTION;first_fractal_Datetime;first_fractal;first_fractal_price;second_fractal_Datetime;second_fractal;second_fractal_price
2021-12-20 12:30:00+00:00;USDJPY;5;113,51100158691406;M30;SELL;2021-12-17 00:30:00+00:00;lower_high;113,86820188519425;2021-12-17 13:00:00+00:00;lower_low;113,10086042473438
2021-12-20 12:30:00+00:00;USDCHF;6;0,92316997051239;M30;;2021-12-15 19:00:00+00:00;higher_high;0,9295151277642362;2021-12-17 09:30:00+00:00;lower_low;0,916725937408324
2021-12-20 12:30:00+00:00;USDCAD;6;1,2929500341415403;M30;;2021-12-15 19:00:00+00:00;higher_high;1,293854593121205;2021-12-16 14:00:00+00:00;higher_low;1,2757969034490242
2021-12-20 12:30:00+00:00;NZDUSD;6;0,6719075441360474;M30;;2021-12-15 19:00:00+00:00;lower_low;0,6705467012398242;2021-12-16 14:00:00+00:00;higher_high;0,6834420854477301
2021-12-20 12:30:00+00:00;NZDJPY;0;76,21800231933594;M30;BUY;2021-12-15 03:00:00+00:00;higher_low;76,4658205776281;2021-12-16 13:30:00+00:00;higher_high;77,98229901428587
2021-12-20 12:30:00+00:00;NZDCHF;6;0,6198099851608276;M30;;2021-12-16 20:00:00+00:00;higher_low;0,6231896313119233;2021-12-17 21:30:00+00:00;lower_high;0,6255005564733049
2021-12-20 12:30:00+00:00;NZDCAD;6;0,8680700063705444;M30;;2021-12-16 13:30:00+00:00;higher_high;0,8730405280232227;2021-12-17 11:00:00+00:00;higher_low;0,8648700936448468
2021-12-20 12:30:00+00:00;GBPUSD;6;1,3217023611068726;M30;;2021-12-15 19:00:00+00:00;lower_low;1,3176248973104407;2021-12-16 13:00:00+00:00;higher_high;1,3374534300000385
2021-12-20 12:30:00+00:00;GBPNZD;6;1,967479944229126;M30;;2021-12-17 09:30:00+00:00;lower_high;1,9693391135311733;2021-12-17 21:30:00+00:00;higher_low;1,9593016801466785
2021-12-20 12:30:00+00:00;GBPJPY;6;149,98599243164062;M30;;2021-12-16 13:00:00+00:00;higher_high;152,64833580679766;2021-12-16 20:00:00+00:00;higher_low;151,05679267013494
2021-12-20 12:30:00+00:00;GBPCHF;0;1,2201299667358398;M30;BUY;2021-12-15 16:30:00+00:00;higher_low;1,221801247051991;2021-12-16 12:00:00+00:00;higher_high;1,235999915131911
2021-12-20 12:30:00+00:00;GBPCAD;6;1,708359956741333;M30;BUY;2021-12-16 11:00:00+00:00;higher_low;1,6939831511331842;2021-12-16 13:00:00+00:00;higher_high;1,7096380965601985
2021-12-20 12:30:00+00:00;GBPAUD;6;1,8595000505447388;M30;;2021-12-16 11:30:00+00:00;lower_low;1,8412612403118669;2021-12-17 04:00:00+00:00;lower_high;1,8623605169130164
2021-12-20 12:30:00+00:00;EURUSD;6;1,127268671989441;M30;;2021-12-17 05:30:00+00:00;higher_high;1,1355522503139517;2021-12-17 21:30:00+00:00;higher_low;1,1237572647920235
2021-12-20 12:30:00+00:00;EURNZD;6;1,6775599718093872;M30;;2021-12-17 10:30:00+00:00;higher_high;1,675595371643115;2021-12-17 16:00:00+00:00;higher_low;1,6673152079840154
2021-12-20 12:30:00+00:00;EURJPY;6;127,90599822998048;M30;;2021-12-16 13:30:00+00:00;higher_high;129,64746912274703;2021-12-16 16:00:00+00:00;higher_low;128,40962081403518
2021-12-20 12:30:00+00:00;EURGBP;1;0,8526700139045715;M30;SELL;2021-12-16 07:30:00+00:00;lower_high;0,852898908312337;2021-12-16 12:00:00+00:00;lower_low;0,8451317033263128
2021-12-20 12:30:00+00:00;EURCHF;6;1,0403000116348269;M30;;2021-12-16 12:30:00+00:00;higher_high;1,0467545393957658;2021-12-16 19:30:00+00:00;higher_low;1,0403759130777537
2021-12-20 12:30:00+00:00;EURCAD;6;1,4569499492645264;M30;;2021-12-17 13:00:00+00:00;lower_high;1,4537474355751694;2021-12-17 16:00:00+00:00;higher_low;1,444123267971456
2021-12-20 12:30:00+00:00;EURAUD;2;1,5858099460601809;M30;SELL;2021-12-14 13:30:00+00:00;lower_high;1,590618507976066;2021-12-16 12:00:00+00:00;lower_low;1,565273507644545
2021-12-20 12:30:00+00:00;CHFJPY;6;122,94000244140624;M30;;2021-12-15 15:30:00+00:00;lower_low;122,80007353625024;2021-12-16 14:00:00+00:00;higher_high;123,980018996576
2021-12-20 12:30:00+00:00;CADJPY;6;87,77200317382812;M30;;2021-12-16 12:00:00+00:00;higher_high;89,44922897780006;2021-12-16 15:00:00+00:00;higher_low;88,61384091704909
2021-12-20 12:30:00+00:00;CADCHF;0;0,713729977607727;M30;BUY;2021-12-15 16:30:00+00:00;higher_low;0,7154421790614628;2021-12-16 12:00:00+00:00;higher_high;0,7249385562355721
2021-12-20 12:30:00+00:00;AUDUSD;6;0,7106260061264038;M30;;2021-12-14 03:30:00+00:00;lower_low;0,7090670238331825;2021-12-16 13:30:00+00:00;higher_high;0,7226017461332435
2021-12-20 12:30:00+00:00;AUDNZD;6;1,0578399896621704;M30;;2021-12-15 19:00:00+00:00;higher_high;1,0598956835797044;2021-12-17 21:30:00+00:00;higher_low;1,0537548825226644
2021-12-20 12:30:00+00:00;AUDJPY;6;80,65399932861328;M30;;2021-12-16 13:30:00+00:00;higher_high;82,44365803410014;2021-12-16 19:30:00+00:00;higher_low;81,39242438989777
2021-12-20 12:30:00+00:00;AUDCHF;6;0,6556199789047241;M30;;2021-12-14 03:30:00+00:00;lower_low;0,6535471614285577;2021-12-16 12:00:00+00:00;higher_high;0,6675439440686788
2021-12-20 12:30:00+00:00;AUDCAD;6;0,9182699918746948;M30;;2021-12-17 07:30:00+00:00;higher_low;0,9146661077442756;2021-12-17 19:30:00+00:00;lower_high;0,9197843004713828
2021-12-20 13:15:00+00:00;USDJPY;6;113,55799865722656;M15;;2021-12-17 13:00:00+00:00;lower_low;113,10086042473438;2021-12-17 21:00:00+00:00;lower_high;113,77419251907362
2021-12-20 13:15:00+00:00;USDCHF;3;0,923609972000122;M15;SELL;2021-12-16 05:15:00+00:00;lower_high;0,9257147861677906;2021-12-17 09:45:00+00:00;lower_low;0,916725937408324
2021-12-20 13:15:00+00:00;USDCAD;6;1,292240023612976;M15;;2021-12-16 14:15:00+00:00;lower_low;1,2757969034490242;2021-12-20 07:15:00+00:00;lower_high;1,2937145108871235
2021-12-20 13:15:00+00:00;NZDUSD;6;0,6719527244567871;M15;;2021-12-15 19:00:00+00:00;lower_low;0,6705467012398242;2021-12-16 14:00:00+00:00;higher_high;0,6834420854477301
2021-12-20 13:15:00+00:00;NZDJPY;6;76,28500366210938;M15;;2021-12-16 13:45:00+00:00;higher_high;77,98229901428587;2021-12-20 07:15:00+00:00;lower_low;75,99785607659331
2021-12-20 13:15:00+00:00;NZDCHF;6;0,6204400062561035;M15;;2021-12-16 20:15:00+00:00;higher_low;0,6231896313119233;2021-12-17 21:45:00+00:00;lower_high;0,6255005564733049
2021-12-20 13:15:00+00:00;NZDCAD;6;0,8680800199508667;M15;;2021-12-17 11:15:00+00:00;lower_low;0,8648700936448468;2021-12-17 21:45:00+00:00;lower_high;0,8724505135751627
2021-12-20 13:15:00+00:00;GBPUSD;6;1,323031306266785;M15;;2021-12-16 13:15:00+00:00;higher_high;1,3374534300000385;2021-12-16 20:00:00+00:00;higher_low;1,3301042669477898
2021-12-20 13:15:00+00:00;GBPNZD;6;1,9692599773406985;M15;;2021-12-17 21:45:00+00:00;higher_low;1,9593016801466785;2021-12-20 07:45:00+00:00;lower_high;1,9692390888550928
2021-12-20 13:15:00+00:00;GBPJPY;6;150,25399780273438;M15;;2021-12-16 20:00:00+00:00;higher_low;151,05679267013494;2021-12-17 00:45:00+00:00;lower_high;151,73226142036992
2021-12-20 13:15:00+00:00;GBPCHF;6;1,2220900058746338;M15;;2021-12-17 10:45:00+00:00;lower_low;1,2193015110556509;2021-12-17 19:15:00+00:00;lower_high;1,2254690692587975
2021-12-20 13:15:00+00:00;GBPCAD;6;1,7097100019454956;M15;;2021-12-16 13:15:00+00:00;higher_high;1,7096380965601985;2021-12-17 16:15:00+00:00;higher_low;1,6998925933035414
2021-12-20 13:15:00+00:00;GBPAUD;6;1,860550045967102;M15;;2021-12-17 04:00:00+00:00;higher_high;1,8623605169130164;2021-12-17 16:30:00+00:00;higher_low;1,853610205525012
2021-12-20 13:15:00+00:00;EURUSD;6;1,1273956298828125;M15;;2021-12-17 05:45:00+00:00;higher_high;1,1355522503139517;2021-12-17 21:45:00+00:00;lower_low;1,1237572647920235
2021-12-20 13:15:00+00:00;EURNZD;6;1,6774400472640991;M15;;2021-12-17 10:45:00+00:00;higher_high;1,675595371643115;2021-12-17 21:45:00+00:00;higher_low;1,6634155912218072
2021-12-20 13:15:00+00:00;EURJPY;6;127,97699737548828;M15;;2021-12-16 16:00:00+00:00;higher_low;128,40962081403518;2021-12-17 00:45:00+00:00;lower_high;128,99342457572476
2021-12-20 13:15:00+00:00;EURGBP;5;0,8517600297927856;M15;BUY;2021-12-17 02:15:00+00:00;higher_low;0,8490313796883494;2021-12-20 09:30:00+00:00;higher_high;0,8545990297583989
2021-12-20 13:15:00+00:00;EURCHF;3;1,0408999919891355;M15;SELL;2021-12-17 05:45:00+00:00;lower_high;1,0419842326448612;2021-12-20 00:00:00+00:00;lower_low;1,0376361089732338
2021-12-20 13:15:00+00:00;EURCAD;6;1,456339955329895;M15;;2021-12-17 13:00:00+00:00;higher_high;1,4537474355751694;2021-12-17 16:15:00+00:00;lower_low;1,444123267971456
2021-12-20 13:15:00+00:00;EURAUD;0;1,5847599506378174;M15;SELL;2021-12-17 12:45:00+00:00;lower_high;1,5840379811040572;2021-12-17 16:30:00+00:00;lower_low;1,574572749646285
2021-12-20 13:15:00+00:00;CHFJPY;6;122,94200134277344;M15;;2021-12-16 14:00:00+00:00;higher_high;123,980018996576;2021-12-17 17:45:00+00:00;higher_low;122,94006161283708
2021-12-20 13:15:00+00:00;CADJPY;6;87,8740005493164;M15;;2021-12-16 12:15:00+00:00;higher_high;89,44922897780006;2021-12-17 04:00:00+00:00;higher_low;88,54284750883565
2021-12-20 13:15:00+00:00;CADCHF;6;0,714709997177124;M15;;2021-12-17 13:00:00+00:00;lower_low;0,7150422046140965;2021-12-17 15:45:00+00:00;lower_high;0,719778165169846
2021-12-20 13:15:00+00:00;AUDUSD;6;0,7111414074897766;M15;;2021-12-16 13:45:00+00:00;higher_high;0,7226017461332435;2021-12-20 07:15:00+00:00;lower_low;0,7083186287898836
2021-12-20 13:15:00+00:00;AUDNZD;0;1,058519959449768;M15;SELL;2021-12-16 13:45:00+00:00;lower_high;1,05815544496618;2021-12-17 21:45:00+00:00;lower_low;1,0537548825226644
2021-12-20 13:15:00+00:00;AUDJPY;6;80,75299835205078;M15;SELL;2021-12-17 08:15:00+00:00;lower_high;81,52959034057798;2021-12-20 07:15:00+00:00;lower_low;80,2435151631879
2021-12-20 13:15:00+00:00;AUDCHF;2;0,656790018081665;M15;BUY;2021-12-14 22:15:00+00:00;higher_low;0,6541771316131296;2021-12-16 12:00:00+00:00;higher_high;0,6675439440686788
2021-12-20 13:15:00+00:00;AUDCAD;6;0,9189299941062928;M15;;2021-12-17 19:45:00+00:00;lower_high;0,9197843004713828;2021-12-20 07:30:00+00:00;higher_low;0,9147060992290296
2021-12-20 13:15:00+00:00;USDJPY;6;113,55799865722656;M5;;2021-12-17 21:00:00+00:00;higher_high;113,77419251907362;2021-12-20 07:25:00+00:00;higher_low;113,30084121163613
2021-12-20 13:15:00+00:00;USDCHF;6;0,923609972000122;M5;BUY;2021-12-20 09:15:00+00:00;higher_low;0,9220254945362288;2021-12-20 09:50:00+00:00;higher_high;0,9251547552787702
2021-12-20 13:15:00+00:00;USDCAD;6;1,292240023612976;M5;BUY;2021-12-17 09:25:00+00:00;higher_low;1,2778967245978263;2021-12-20 07:25:00+00:00;higher_high;1,2937145108871235
2021-12-20 13:15:00+00:00;NZDUSD;6;0,6719527244567871;M5;;2021-12-20 09:50:00+00:00;lower_low;0,6705467012398242;2021-12-20 11:20:00+00:00;lower_high;0,6726397780878047
2021-12-20 13:15:00+00:00;NZDJPY;6;76,28500366210938;M5;SELL;2021-12-17 15:50:00+00:00;lower_high;76,81320583150016;2021-12-20 07:25:00+00:00;lower_low;75,99785607659331
2021-12-20 13:15:00+00:00;NZDCHF;6;0,6204400062561035;M5;;2021-12-20 09:10:00+00:00;lower_low;0,6185800017958072;2021-12-20 10:25:00+00:00;lower_high;0,6210901716497986
2021-12-20 13:15:00+00:00;NZDCAD;6;0,8680800199508667;M5;;2021-12-20 09:45:00+00:00;higher_low;0,8662500084682522;2021-12-20 10:25:00+00:00;lower_high;0,8684301534570168
2021-12-20 13:15:00+00:00;GBPUSD;6;1,323031306266785;M5;SELL;2021-12-17 13:45:00+00:00;lower_high;1,330407710891956;2021-12-20 09:50:00+00:00;lower_low;1,3173819684105057
2021-12-20 13:15:00+00:00;GBPNZD;6;1,9692599773406985;M5;;2021-12-20 07:45:00+00:00;higher_high;1,9692390888550928;2021-12-20 10:25:00+00:00;higher_low;1,96152153534957
2021-12-20 13:15:00+00:00;GBPJPY;5;150,25399780273438;M5;SELL;2021-12-17 19:45:00+00:00;lower_high;150,80918268380026;2021-12-20 07:25:00+00:00;lower_low;149,61791359105098
2021-12-20 13:15:00+00:00;GBPCHF;2;1,2220900058746338;M5;SELL;2021-12-20 01:55:00+00:00;lower_high;1,2227587462718916;2021-12-20 09:15:00+00:00;lower_low;1,216901664371453
2021-12-20 13:15:00+00:00;GBPCAD;6;1,7097100019454956;M5;;2021-12-20 07:25:00+00:00;higher_high;1,708327999819497;2021-12-20 10:15:00+00:00;lower_low;1,702262401674303
2021-12-20 13:15:00+00:00;GBPAUD;6;1,860550045967102;M5;;2021-12-20 07:35:00+00:00;higher_high;1,86481070421076;2021-12-20 11:20:00+00:00;lower_low;1,854120141655493
2021-12-20 13:15:00+00:00;EURUSD;6;1,1273956298828125;M5;SELL;2021-12-17 05:55:00+00:00;lower_high;1,1355522503139517;2021-12-17 21:55:00+00:00;lower_low;1,1237572647920235
2021-12-20 13:15:00+00:00;EURNZD;6;1,6774400472640991;M5;;2021-12-17 21:55:00+00:00;lower_low;1,6634155912218072;2021-12-20 09:05:00+00:00;higher_high;1,6802657729368615
2021-12-20 13:15:00+00:00;EURJPY;6;127,97699737548828;M5;;2021-12-20 05:00:00+00:00;lower_high;127,72932249537116;2021-12-20 07:25:00+00:00;higher_low;127,47969566026391
2021-12-20 13:15:00+00:00;EURGBP;6;0,8517600297927856;M5;;2021-12-17 21:55:00+00:00;lower_low;0,8483314393054153;2021-12-20 09:30:00+00:00;higher_high;0,8545990297583989
2021-12-20 13:15:00+00:00;EURCHF;6;1,0408999919891355;M5;;2021-12-20 04:55:00+00:00;lower_high;1,0391939137608754;2021-12-20 05:50:00+00:00;higher_low;1,038096100447645
2021-12-20 13:15:00+00:00;EURCAD;6;1,456339955329895;M5;BUY;2021-12-20 01:35:00+00:00;higher_low;1,4484629698654408;2021-12-20 09:05:00+00:00;higher_high;1,457797779252355
2021-12-20 13:15:00+00:00;EURAUD;6;1,5847599506378174;M5;BUY;2021-12-20 02:30:00+00:00;higher_low;1,5774725196898194;2021-12-20 09:20:00+00:00;higher_high;1,5901884853221655
2021-12-20 13:15:00+00:00;CHFJPY;5;122,94200134277344;M5;SELL;2021-12-17 20:25:00+00:00;lower_high;123,14695150033788;2021-12-20 07:30:00+00:00;lower_low;122,630089104506
2021-12-20 13:15:00+00:00;CADJPY;6;87,8740005493164;M5;;2021-12-20 09:05:00+00:00;lower_low;87,59892354740572;2021-12-20 10:55:00+00:00;lower_high;88,00211345245253
2021-12-20 13:15:00+00:00;CADCHF;6;0,714709997177124;M5;;2021-12-17 04:05:00+00:00;higher_low;0,7163421364679942;2021-12-17 15:50:00+00:00;lower_high;0,719778165169846
2021-12-20 13:15:00+00:00;AUDUSD;6;0,7111414074897766;M5;;2021-12-20 07:25:00+00:00;lower_low;0,7083186287898836;2021-12-20 11:20:00+00:00;lower_high;0,7116999505823893
2021-12-20 13:15:00+00:00;AUDNZD;6;1,058519959449768;M5;;2021-12-17 21:55:00+00:00;lower_low;1,0537548825226644;2021-12-20 11:10:00+00:00;lower_high;1,0589655375454017
2021-12-20 13:15:00+00:00;AUDJPY;6;80,75299835205078;M5;SELL;2021-12-17 16:30:00+00:00;lower_high;81,3235724122748;2021-12-20 07:25:00+00:00;lower_low;80,2435151631879
2021-12-20 13:15:00+00:00;AUDCHF;0;0,656790018081665;M5;BUY;2021-12-16 05:55:00+00:00;higher_low;0,6607465822814955;2021-12-16 12:00:00+00:00;higher_high;0,6675439440686788
2021-12-20 13:15:00+00:00;AUDCAD;0;0,9189299941062928;M5;SELL;2021-12-20 02:30:00+00:00;lower_high;0,9187142510313824;2021-12-20 07:35:00+00:00;lower_low;0,9147060992290296
2021-12-19 23:00:00+00:00;USDJPY;6;113,60299682617188;H12;;2021-11-24 11:00:00+00:00;higher_high;115,48432978526286;2021-12-03 11:00:00+00:00;lower_low;112,58990013080351
2021-12-19 23:00:00+00:00;USDJPY;6;113,4290008544922;H8;;2021-11-24 15:00:00+00:00;higher_high;115,48432978526286;2021-12-03 15:00:00+00:00;lower_low;112,58990013080351
2021-12-20 05:00:00+00:00;USDJPY;6;113,60299682617188;H6;;2021-12-03 17:00:00+00:00;lower_low;112,58990013080351;2021-12-08 11:00:00+00:00;lower_high;113,89320543139809
2021-12-20 07:00:00+00:00;USDJPY;6;113,60299682617188;H4;;2021-12-08 15:00:00+00:00;lower_high;113,89320543139809;2021-12-10 15:00:00+00:00;higher_low;113,32983819687352
2021-12-20 08:00:00+00:00;USDJPY;4;113,60299682617188;H3;BUY;2021-12-10 17:00:00+00:00;higher_low;113,32983819687352;2021-12-16 11:00:00+00:00;higher_high;114,1852288442327
2021-12-20 11:00:00+00:00;USDJPY;2;113,51100158691406;H2;BUY;2021-12-10 17:00:00+00:00;higher_low;113,32983819687352;2021-12-16 11:00:00+00:00;higher_high;114,1852288442327
2021-12-01 00:00:00;USDJPY;6;113,66300201416016;MO;;2015-06-01 00:00:00;lower_high;125,83216602838792;2020-03-01 00:00:00;higher_low;101,27481266146306
2021-12-13 00:00:00;USDJPY;0;113,6999969482422;W1;SELL;2020-02-17 00:00:00;lower_high;112,19506254257612;2020-03-09 00:00:00;lower_low;101,27481266146306
2021-12-17 00:00:00;USDJPY;6;113,66300201416016;D1;BUY;2021-08-04 00:00:00;higher_low;108,72021011115326;2021-10-20 00:00:00;higher_high;114,69426503129046
2021-12-19 23:00:00+00:00;USDCHF;6;0,9236999750137328;H12;;2021-11-01 11:00:00+00:00;lower_low;0,908846542114915;2021-11-24 11:00:00+00:00;higher_high;0,9365656752386848
2021-12-19 23:00:00+00:00;USDCHF;6;0,9233999848365784;H8;BUY;2021-11-01 15:00:00+00:00;higher_low;0,908846542114915;2021-11-24 07:00:00+00:00;higher_high;0,9365656752386848
2021-12-20 05:00:00+00:00;USDCHF;6;0,9236999750137328;H6;;2021-11-01 17:00:00+00:00;lower_low;0,908846542114915;2021-11-24 11:00:00+00:00;higher_high;0,9365656752386848
2021-12-20 07:00:00+00:00;USDCHF;6;0,9236999750137328;H4;BUY;2021-12-03 15:00:00+00:00;higher_low;0,91661591612538;2021-12-07 11:00:00+00:00;higher_high;0,9266548869821324
2021-12-20 08:00:00+00:00;USDCHF;6;0,9236999750137328;H3;BUY;2021-12-03 17:00:00+00:00;higher_low;0,91661591612538;2021-12-07 11:00:00+00:00;higher_high;0,9266548869821324
2021-12-20 11:00:00+00:00;USDCHF;6;0,92316997051239;H2;;2021-12-14 11:00:00+00:00;lower_low;0,9193957117146532;2021-12-15 17:00:00+00:00;higher_high;0,9266748561516716
2021-12-01 00:00:00;USDCHF;6;0,918839991092682;MO;;2017-01-01 00:00:00;6;1,0333234547920085;2018-02-01 00:00:00;higher_low;0,9188257585571262
2021-12-13 00:00:00;USDCHF;6;0,923891007900238;W1;;2021-01-04 00:00:00;lower_low;0,8754292760157306;2021-03-29 00:00:00;lower_high;0,947206560177379
2021-12-17 00:00:00;USDCHF;4;0,918839991092682;D1;BUY;2021-11-02 00:00:00;higher_low;0,9088265761724524;2021-11-24 00:00:00;higher_high;0,9372457595827864
2021-12-19 23:00:00+00:00;USDCAD;0;1,2917499542236328;H12;SELL;2021-09-20 12:00:00+01:00;lower_high;1,2859738646790737;2021-10-21 00:00:00+01:00;lower_low;1,22946065937934
2021-12-19 23:00:00+00:00;USDCAD;0;1,29121994972229;H8;SELL;2021-09-20 08:00:00+01:00;lower_high;1,2859738646790737;2021-10-21 00:00:00+01:00;lower_low;1,22946065937934
2021-12-20 05:00:00+00:00;USDCAD;0;1,2917499542236328;H6;SELL;2021-09-20 12:00:00+01:00;lower_high;1,2859738646790737;2021-10-21 00:00:00+01:00;lower_low;1,22946065937934
2021-12-20 07:00:00+00:00;USDCAD;6;1,2917499542236328;H4;;2021-12-03 19:00:00+00:00;higher_high;1,2843937370786314;2021-12-08 11:00:00+00:00;lower_low;1,2612780276890592
2021-12-20 08:00:00+00:00;USDCAD;6;1,2917499542236328;H3;;2021-12-03 20:00:00+00:00;higher_high;1,2843937370786314;2021-12-08 14:00:00+00:00;lower_low;1,2612780276890592
2021-12-20 11:00:00+00:00;USDCAD;6;1,2929500341415403;H2;;2021-12-03 21:00:00+00:00;higher_high;1,2843937370786314;2021-12-08 13:00:00+00:00;lower_low;1,2612780276890592
2021-12-01 00:00:00;USDCAD;6;1,2779699563980105;MO;;2016-01-01 00:00:00;higher_high;1,468848658065949;2017-09-01 00:00:00;higher_low;1,206102533092046
2021-12-13 00:00:00;USDCAD;6;1,2895300388336182;W1;;2020-03-16 00:00:00;higher_high;1,466768526304027;2021-05-31 00:00:00;lower_low;1,2007029078525144
2021-12-17 00:00:00;USDCAD;6;1,2779699563980105;D1;;2021-08-20 00:00:00;higher_high;1,2948646158336654;2021-10-21 00:00:00;higher_low;1,228780744538697
2021-12-19 23:00:00+00:00;NZDUSD;0;0,6719075441360474;H12;BUY;2021-09-30 00:00:00+01:00;higher_low;0,6863805876102336;2021-10-21 00:00:00+01:00;higher_high;0,7218714706227177
2021-12-19 23:00:00+00:00;NZDUSD;0;0,6719075441360474;H8;BUY;2021-09-30 08:00:00+01:00;higher_low;0,6863805876102336;2021-10-21 00:00:00+01:00;higher_high;0,7218714706227177
2021-12-20 05:00:00+00:00;NZDUSD;0;0,6719075441360474;H6;BUY;2021-09-30 06:00:00+01:00;higher_low;0,6863805876102336;2021-10-21 00:00:00+01:00;higher_high;0,7218714706227177
2021-12-20 07:00:00+00:00;NZDUSD;7;0,6719075441360474;H4;SELL;2021-10-28 12:00:00+01:00;lower_high;0,7217152342246206;2021-12-06 19:00:00+00:00;lower_low;0,6742543469552486
2021-12-20 08:00:00+00:00;NZDUSD;6;0,6719075441360474;H3;;2021-12-06 17:00:00+00:00;lower_low;0,6742543469552486;2021-12-08 17:00:00+00:00;lower_high;0,6820437667042878
2021-12-20 11:00:00+00:00;NZDUSD;6;0,6719075441360474;H2;;2021-12-06 19:00:00+00:00;lower_low;0,6742543469552486;2021-12-08 17:00:00+00:00;lower_high;0,6820437667042878
2021-12-01 00:00:00;NZDUSD;6;0,6796294450759888;MO;;2015-09-01 00:00:00;higher_low;0,6242862085518418;2017-07-01 00:00:00;lower_high;0,7559589622452458
2021-12-13 00:00:00;NZDUSD;6;0,674200177192688;W1;;2020-03-16 00:00:00;6;0,5478168873187019;2020-12-28 00:00:00;higher_high;0,7493504189264211
2021-12-17 00:00:00;NZDUSD;6;0,6796294450759888;D1;;2021-08-20 00:00:00;lower_low;0,6806662752775572;2021-10-21 00:00:00;lower_high;0,7219288149244993
2021-12-19 23:00:00+00:00;NZDJPY;0;76,30699920654297;H12;BUY;2021-09-22 00:00:00+01:00;higher_low;76,36583018417723;2021-10-21 00:00:00+01:00;higher_high;82,48266265057678
2021-12-19 23:00:00+00:00;NZDJPY;0;76,19000244140625;H8;BUY;2021-09-22 00:00:00+01:00;higher_low;76,36583018417723;2021-10-21 00:00:00+01:00;higher_high;82,48266265057678
2021-12-20 05:00:00+00:00;NZDJPY;6;76,30699920654297;H6;;2021-10-21 00:00:00+01:00;higher_high;82,48266265057678;2021-12-03 17:00:00+00:00;lower_low;75,98886174731288
2021-12-20 07:00:00+00:00;NZDJPY;6;76,30699920654297;H4;SELL;2021-11-01 15:00:00+00:00;lower_high;82,15763943996019;2021-12-03 19:00:00+00:00;lower_low;75,98886174731288
2021-12-20 08:00:00+00:00;NZDJPY;6;76,30699920654297;H3;;2021-12-03 17:00:00+00:00;lower_low;75,98886174731288;2021-12-08 14:00:00+00:00;lower_high;77,51526603804658
2021-12-20 11:00:00+00:00;NZDJPY;6;76,21800231933594;H2;;2021-12-08 15:00:00+00:00;lower_high;77,51526603804658;2021-12-09 13:00:00+00:00;higher_low;76,9387819282631
2021-12-01 00:00:00;NZDJPY;6;77,23300170898438;MO;;2009-02-01 00:00:00;6;44,22142474330339;2014-12-01 00:00:00;lower_high;94,04760010600069
2021-12-13 00:00:00;NZDJPY;6;76,58958435058594;W1;;2017-07-24 00:00:00;6;83,90878038552059;2020-03-16 00:00:00;6;59,556187822470434
2021-12-17 00:00:00;NZDJPY;4;77,23300170898438;D1;BUY;2021-08-19 00:00:00;higher_low;74,55397251913107;2021-10-21 00:00:00;higher_high;82,50166900809698
2021-12-19 23:00:00+00:00;NZDCHF;6;0,6204100251197815;H12;;2021-10-20 00:00:00+01:00;higher_high;0,6631535880241732;2021-12-03 11:00:00+00:00;lower_low;0,6184500145704004
2021-12-19 23:00:00+00:00;NZDCHF;6;0,6202999949455261;H8;;2021-10-20 00:00:00+01:00;higher_high;0,6631535880241732;2021-12-03 15:00:00+00:00;lower_low;0,6184500145704004
2021-12-20 05:00:00+00:00;NZDCHF;6;0,6204100251197815;H6;;2021-10-20 06:00:00+01:00;higher_high;0,6631535880241732;2021-12-03 17:00:00+00:00;lower_low;0,6184500145704004
2021-12-20 07:00:00+00:00;NZDCHF;6;0,6204100251197815;H4;SELL;2021-11-18 07:00:00+00:00;lower_high;0,6534327751208201;2021-12-03 19:00:00+00:00;lower_low;0,6184500145704004
2021-12-20 08:00:00+00:00;NZDCHF;6;0,6204100251197815;H3;;2021-12-10 02:00:00+00:00;lower_high;0,6283907808144484;2021-12-14 11:00:00+00:00;higher_low;0,6204798655208402
2021-12-20 11:00:00+00:00;NZDCHF;0;0,6198099851608276;H2;BUY;2021-12-14 13:00:00+00:00;higher_low;0,6204798655208402;2021-12-16 11:00:00+00:00;higher_high;0,6307409434361109
2021-12-01 00:00:00;NZDCHF;6;0,6241000294685364;MO;SELL;2015-01-01 00:00:00;lower_high;0,7974644340617458;2015-01-01 00:00:00;lower_low;0,4714119041001546
2021-12-13 00:00:00;NZDCHF;6;0,6220660209655762;W1;SELL;2018-12-31 00:00:00;lower_high;0,7173779902101434;2020-03-16 00:00:00;lower_low;0,5303171261489577
2021-12-17 00:00:00;NZDCHF;6;0,6241000294685364;D1;;2021-08-19 00:00:00;lower_low;0,622849673891602;2021-10-20 00:00:00;higher_high;0,6632835962592932
2021-12-19 23:00:00+00:00;NZDCAD;6;0,8676400184631348;H12;;2021-10-13 12:00:00+01:00;lower_low;0,8620303406283568;2021-11-08 11:00:00+00:00;lower_high;0,8934621929833493
2021-12-19 23:00:00+00:00;NZDCAD;6;0,8672800064086914;H8;SELL;2021-11-08 07:00:00+00:00;lower_high;0,8934621929833493;2021-12-08 07:00:00+00:00;lower_low;0,8550509027414791
2021-12-20 05:00:00+00:00;NZDCAD;4;0,8676400184631348;H6;SELL;2021-12-01 17:00:00+00:00;lower_high;0,8744306802704653;2021-12-08 11:00:00+00:00;lower_low;0,8550509027414791
2021-12-20 07:00:00+00:00;NZDCAD;6;0,8676400184631348;H4;SELL;2021-11-18 07:00:00+00:00;lower_high;0,8882017772415429;2021-12-08 11:00:00+00:00;lower_low;0,8550509027414791
2021-12-20 08:00:00+00:00;NZDCAD;4;0,8676400184631348;H3;SELL;2021-12-01 17:00:00+00:00;lower_high;0,8744306802704653;2021-12-08 11:00:00+00:00;lower_low;0,8550509027414791
2021-12-20 11:00:00+00:00;NZDCAD;6;0,8680700063705444;H2;;2021-12-08 11:00:00+00:00;lower_low;0,8550509027414791;2021-12-16 13:00:00+00:00;lower_high;0,8722404498335015
2021-12-01 00:00:00;NZDCAD;6;0,8683800101280212;MO;;2021-01-01 00:00:00;higher_low;0,7459336895919966;2021-02-01 00:00:00;lower_high;0,9322853582597598
2021-12-13 00:00:00;NZDCAD;6;0,8687499761581421;W1;;2020-12-28 00:00:00;lower_low;0,7459336895919966;2021-02-22 00:00:00;higher_high;0,9322853582597598
2021-12-17 00:00:00;NZDCAD;6;0,8683800101280212;D1;;2021-10-13 00:00:00;higher_low;0,8615303576691918;2021-11-08 00:00:00;lower_high;0,893956236198698
2021-12-19 23:00:00+00:00;GBPUSD;6;1,32000994682312;H12;;2021-09-29 12:00:00+01:00;lower_low;1,3413631513022946;2021-10-19 00:00:00+01:00;lower_high;1,3827021375490478
2021-12-19 23:00:00+00:00;GBPUSD;6;1,3221392631530762;H8;;2021-09-29 16:00:00+01:00;lower_low;1,3413631513022946;2021-10-19 08:00:00+01:00;lower_high;1,3827021375490478
2021-12-20 05:00:00+00:00;GBPUSD;6;1,32000994682312;H6;SELL;2021-11-30 05:00:00+00:00;lower_high;1,3364524679256975;2021-12-09 11:00:00+00:00;lower_low;1,318406727857386
2021-12-20 07:00:00+00:00;GBPUSD;6;1,32000994682312;H4;SELL;2021-11-18 07:00:00+00:00;lower_high;1,3511867345726445;2021-12-09 11:00:00+00:00;lower_low;1,318406727857386
2021-12-20 08:00:00+00:00;GBPUSD;6;1,32000994682312;H3;SELL;2021-11-18 05:00:00+00:00;lower_high;1,3511867345726445;2021-12-09 11:00:00+00:00;lower_low;1,318406727857386
2021-12-20 11:00:00+00:00;GBPUSD;6;1,3217023611068726;H2;;2021-12-09 11:00:00+00:00;lower_low;1,318406727857386;2021-12-10 19:00:00+00:00;lower_high;1,3271064197056093
2021-12-01 00:00:00;GBPUSD;6;1,3323739767074585;MO;;2014-07-01 00:00:00;lower_high;1,7188539577167827;2017-01-01 00:00:00;higher_low;1,1990300598732746
2021-12-13 00:00:00;GBPUSD;6;1,3247997760772705;W1;;2020-03-16 00:00:00;lower_low;1,1475912361080425;2021-05-31 00:00:00;higher_high;1,4248398273122165
2021-12-17 00:00:00;GBPUSD;6;1,3323739767074585;D1;;2021-07-20 00:00:00;lower_low;1,3572580678968291;2021-07-30 00:00:00;lower_high;1,3985187927944864
2021-12-19 23:00:00+00:00;GBPNZD;1;1,964879989624024;H12;SELL;2021-10-06 00:00:00+01:00;lower_high;1,9707492349479552;2021-11-07 23:00:00+00:00;lower_low;1,887027471624196
2021-12-19 23:00:00+00:00;GBPNZD;1;1,968240022659301;H8;SELL;2021-10-06 08:00:00+01:00;lower_high;1,9707492349479552;2021-11-08 07:00:00+00:00;lower_low;1,887027471624196
2021-12-20 05:00:00+00:00;GBPNZD;6;1,964879989624024;H6;;2021-10-06 06:00:00+01:00;higher_high;1,9707492349479552;2021-11-08 05:00:00+00:00;lower_low;1,887027471624196
2021-12-20 07:00:00+00:00;GBPNZD;6;1,964879989624024;H4;BUY;2021-12-09 03:00:00+00:00;higher_low;1,9370034772049307;2021-12-15 07:00:00+00:00;higher_high;1,96713892831417
2021-12-20 08:00:00+00:00;GBPNZD;6;1,964879989624024;H3;BUY;2021-12-09 05:00:00+00:00;higher_low;1,9370034772049307;2021-12-15 08:00:00+00:00;higher_high;1,96713892831417
2021-12-20 11:00:00+00:00;GBPNZD;6;1,967479944229126;H2;;2021-12-15 09:00:00+00:00;higher_high;1,96713892831417;2021-12-16 11:00:00+00:00;higher_low;1,9467226595965
2021-12-01 00:00:00;GBPNZD;6;1,960170030593872;MO;;2016-11-01 00:00:00;lower_low;1,6734047608353353;2020-03-01 00:00:00;lower_high;2,175085818785379
2021-12-13 00:00:00;GBPNZD;6;1,963539958000183;W1;;2020-03-09 00:00:00;higher_high;2,175085818785379;2020-12-07 00:00:00;higher_low;1,8524402608965205
2021-12-17 00:00:00;GBPNZD;2;1,960170030593872;D1;SELL;2021-10-06 00:00:00;lower_high;1,9711393192627769;2021-11-08 00:00:00;lower_low;1,8850476845294832
2021-12-19 23:00:00+00:00;GBPJPY;6;149,94500732421875;H12;;2021-10-20 00:00:00+01:00;higher_high;158,17377616734603;2021-12-03 11:00:00+00:00;lower_low;148,97596717859173
2021-12-19 23:00:00+00:00;GBPJPY;6;149,96200561523438;H8;SELL;2021-11-17 07:00:00+00:00;lower_high;154,49647708280946;2021-12-03 15:00:00+00:00;lower_low;148,97596717859173
2021-12-20 05:00:00+00:00;GBPJPY;6;149,94500732421875;H6;SELL;2021-11-17 05:00:00+00:00;lower_high;154,49647708280946;2021-12-03 17:00:00+00:00;lower_low;148,97596717859173
2021-12-20 07:00:00+00:00;GBPJPY;6;149,94500732421875;H4;;2021-12-07 03:00:00+00:00;lower_high;151,0902112507149;2021-12-09 11:00:00+00:00;higher_low;149,577908279137
2021-12-20 08:00:00+00:00;GBPJPY;6;149,94500732421875;H3;;2021-12-07 05:00:00+00:00;lower_high;151,0902112507149;2021-12-09 11:00:00+00:00;higher_low;149,577908279137
2021-12-20 11:00:00+00:00;GBPJPY;6;149,98599243164062;H2;;2021-12-07 05:00:00+00:00;lower_high;151,0902112507149;2021-12-09 11:00:00+00:00;higher_low;149,577908279137
2021-12-01 00:00:00;GBPJPY;6;151,42300415039062;MO;;2016-10-01 00:00:00;higher_low;125,94682240724936;2018-02-01 00:00:00;lower_high;156,6086472611213
2021-12-13 00:00:00;GBPJPY;6;149,9904327392578;W1;;2018-01-29 00:00:00;6;156,6086472611213;2020-03-16 00:00:00;lower_low;124,9199049697874
2021-12-17 00:00:00;GBPJPY;4;151,42300415039062;D1;BUY;2021-07-20 00:00:00;higher_low;148,45800366644255;2021-10-20 00:00:00;higher_high;158,2147798467172
2021-12-19 23:00:00+00:00;GBPCHF;6;1,219249963760376;H12;SELL;2021-11-17 11:00:00+00:00;lower_high;1,2538113413906735;2021-12-03 11:00:00+00:00;lower_low;1,2129919156384423
2021-12-19 23:00:00+00:00;GBPCHF;6;1,2209199666976929;H8;SELL;2021-11-17 07:00:00+00:00;lower_high;1,2538113413906735;2021-12-03 15:00:00+00:00;lower_low;1,2129919156384423
2021-12-20 05:00:00+00:00;GBPCHF;6;1,219249963760376;H6;SELL;2021-11-17 11:00:00+00:00;lower_high;1,2538113413906735;2021-12-03 17:00:00+00:00;lower_low;1,2129919156384423
2021-12-20 07:00:00+00:00;GBPCHF;6;1,219249963760376;H4;;2021-12-03 19:00:00+00:00;lower_low;1,2129919156384423;2021-12-07 03:00:00+00:00;lower_high;1,2287392443063396
2021-12-20 08:00:00+00:00;GBPCHF;6;1,219249963760376;H3;;2021-12-03 20:00:00+00:00;lower_low;1,2129919156384423;2021-12-07 05:00:00+00:00;lower_high;1,2287392443063396
2021-12-20 11:00:00+00:00;GBPCHF;3;1,2201299667358398;H2;BUY;2021-12-14 13:00:00+00:00;higher_low;1,2166517026917842;2021-12-16 11:00:00+00:00;higher_high;1,232299598211546
2021-12-01 00:00:00;GBPCHF;6;1,2239500284194946;MO;SELL;2015-11-01 00:00:00;lower_high;1,5570258344918837;2020-03-01 00:00:00;lower_low;1,11135013014651
2021-12-13 00:00:00;GBPCHF;6;1,2151999473571775;W1;;2020-03-16 00:00:00;lower_low;1,11135013014651;2021-04-05 00:00:00;lower_high;1,3074156263506216
2021-12-17 00:00:00;GBPCHF;6;1,2239500284194946;D1;;2021-08-20 00:00:00;lower_low;1,2469992200372733;2021-09-17 00:00:00;lower_high;1,281763529207728
2021-12-19 23:00:00+00:00;GBPCAD;6;1,7050199508666992;H12;;2021-08-20 00:00:00+01:00;6;1,760592264089165;2021-11-10 11:00:00+00:00;lower_low;1,6736647352861491
2021-12-19 23:00:00+00:00;GBPCAD;6;1,7069499492645264;H8;;2021-11-10 15:00:00+00:00;lower_low;1,6736647352861491;2021-11-30 07:00:00+00:00;higher_high;1,7093281273613792
2021-12-20 05:00:00+00:00;GBPCAD;6;1,7050199508666992;H6;;2021-11-30 05:00:00+00:00;higher_high;1,7093281273613792;2021-12-08 11:00:00+00:00;lower_low;1,6651954804925788
2021-12-20 07:00:00+00:00;GBPCAD;6;1,7050199508666992;H4;;2021-12-08 11:00:00+00:00;lower_low;1,6651954804925788;2021-12-15 07:00:00+00:00;lower_high;1,7076379606953562
2021-12-20 08:00:00+00:00;GBPCAD;6;1,7050199508666992;H3;;2021-12-08 14:00:00+00:00;lower_low;1,6651954804925788;2021-12-15 08:00:00+00:00;lower_high;1,7076379606953562
2021-12-20 11:00:00+00:00;GBPCAD;6;1,708359956741333;H2;;2021-12-08 13:00:00+00:00;lower_low;1,6651954804925788;2021-12-15 07:00:00+00:00;lower_high;1,7076379606953562
2021-12-01 00:00:00;GBPCAD;6;1,702139973640442;MO;;2017-01-01 00:00:00;higher_low;1,5738828220344965;2020-03-01 00:00:00;lower_high;1,803315676419179
2021-12-13 00:00:00;GBPCAD;6;1,701238036155701;W1;;2020-12-21 00:00:00;higher_low;1,5952010846002045;2021-02-22 00:00:00;lower_high;1,7857642666306566
2021-12-17 00:00:00;GBPCAD;6;1,702139973640442;D1;SELL;2021-08-20 00:00:00;lower_high;1,7624023649913465;2021-11-05 00:00:00;lower_low;1,6731848374691038
2021-12-19 23:00:00+00:00;GBPAUD;6;1,856619954109192;H12;;2021-12-03 11:00:00+00:00;lower_high;1,8909928486836336;2021-12-08 23:00:00+00:00;higher_low;1,8394913638122408
2021-12-19 23:00:00+00:00;GBPAUD;6;1,8631199598312376;H8;;2021-12-03 15:00:00+00:00;lower_high;1,8909928486836336;2021-12-08 23:00:00+00:00;higher_low;1,8394913638122408
2021-12-20 05:00:00+00:00;GBPAUD;6;1,856619954109192;H6;;2021-12-03 17:00:00+00:00;lower_high;1,8909928486836336;2021-12-09 05:00:00+00:00;higher_low;1,8394913638122408
2021-12-20 07:00:00+00:00;GBPAUD;6;1,856619954109192;H4;;2021-12-09 03:00:00+00:00;higher_low;1,8394913638122408;2021-12-14 19:00:00+00:00;lower_high;1,863000484089656
2021-12-20 08:00:00+00:00;GBPAUD;6;1,856619954109192;H3;;2021-12-09 05:00:00+00:00;lower_low;1,8394913638122408;2021-12-14 20:00:00+00:00;lower_high;1,863000484089656
2021-12-20 11:00:00+00:00;GBPAUD;6;1,8595000505447388;H2;;2021-12-09 05:00:00+00:00;lower_low;1,8394913638122408;2021-12-14 21:00:00+00:00;lower_high;1,863000484089656
2021-12-01 00:00:00;GBPAUD;6;1,8566099405288696;MO;;2015-08-01 00:00:00;lower_high;2,230120134722187;2016-10-01 00:00:00;higher_low;1,5789824217386317
2021-12-13 00:00:00;GBPAUD;6;1,851500034332276;W1;;2020-03-16 00:00:00;higher_high;2,08786477811888;2020-12-28 00:00:00;lower_low;1,500086791497552
2021-12-17 00:00:00;GBPAUD;6;1,8566099405288696;D1;;2021-08-20 00:00:00;higher_high;1,915484826490485;2021-11-02 00:00:00;higher_low;1,812253527105373
2021-12-19 23:00:00+00:00;EURUSD;6;1,1270145177841189;H12;;2021-09-03 12:00:00+01:00;6;1,1900057316597417;2021-11-24 11:00:00+00:00;lower_low;1,1196049447580474
2021-12-19 23:00:00+00:00;EURUSD;6;1,1256190538406372;H8;;2021-11-24 15:00:00+00:00;lower_low;1,1196049447580474;2021-11-30 07:00:00+00:00;lower_high;1,1382663883063813
2021-12-20 05:00:00+00:00;EURUSD;6;1,1270145177841189;H6;;2021-12-07 11:00:00+00:00;higher_low;1,124262671335559;2021-12-08 17:00:00+00:00;lower_high;1,135423255439674
2021-12-20 07:00:00+00:00;EURUSD;6;1,1270145177841189;H4;;2021-11-24 15:00:00+00:00;lower_low;1,1196049447580474;2021-11-30 11:00:00+00:00;lower_high;1,1382663883063813
2021-12-20 08:00:00+00:00;EURUSD;6;1,1270145177841189;H3;;2021-11-30 14:00:00+00:00;lower_high;1,1382663883063813;2021-12-07 11:00:00+00:00;higher_low;1,124262671335559
2021-12-20 11:00:00+00:00;EURUSD;1;1,127268671989441;H2;BUY;2021-12-10 11:00:00+00:00;higher_low;1,126923446067823;2021-12-16 13:00:00+00:00;higher_high;1,136197224685341
2021-12-01 00:00:00;EURUSD;6;1,1334141492843628;MO;;2017-01-01 00:00:00;higher_low;1,0346846062787804;2018-02-01 00:00:00;lower_high;1,255909594428834
2021-12-13 00:00:00;EURUSD;6;1,1239616870880127;W1;;2020-03-16 00:00:00;6;1,065364452266575;2021-01-04 00:00:00;lower_high;1,2351250866777053
2021-12-17 00:00:00;EURUSD;6;1,1334141492843628;D1;SELL;2021-10-28 00:00:00;lower_high;1,169411616528041;2021-11-24 00:00:00;lower_low;1,1186905641930802
2021-12-19 23:00:00+00:00;EURNZD;6;1,6772199869155884;H12;;2021-11-21 23:00:00+00:00;lower_low;1,6070001817979411;2021-12-03 11:00:00+00:00;lower_high;1,6767154334211558
2021-12-19 23:00:00+00:00;EURNZD;6;1,67507004737854;H8;;2021-11-22 07:00:00+00:00;lower_low;1,6070001817979411;2021-12-03 15:00:00+00:00;higher_high;1,6767154334211558
2021-12-20 05:00:00+00:00;EURNZD;6;1,6772199869155884;H6;;2021-11-22 05:00:00+00:00;lower_low;1,6070001817979411;2021-12-03 17:00:00+00:00;higher_high;1,6767154334211558
2021-12-20 07:00:00+00:00;EURNZD;6;1,6772199869155884;H4;;2021-12-07 19:00:00+00:00;higher_low;1,6574660979668676;2021-12-14 11:00:00+00:00;lower_high;1,6757954209952763
2021-12-20 08:00:00+00:00;EURNZD;6;1,6772199869155884;H3;;2021-12-07 20:00:00+00:00;higher_low;1,6574660979668676;2021-12-14 11:00:00+00:00;lower_high;1,6757954209952763
2021-12-20 11:00:00+00:00;EURNZD;6;1,6775599718093872;H2;;2021-12-14 13:00:00+00:00;higher_high;1,6757954209952763;2021-12-16 11:00:00+00:00;lower_low;1,6565961788737729
2021-12-01 00:00:00;EURNZD;6;1,6675299406051636;MO;;2015-04-01 00:00:00;lower_low;1,3875878244935005;2015-08-01 00:00:00;higher_high;1,85778012590585
2021-12-13 00:00:00;EURNZD;6;1,649399995803833;W1;;2020-03-16 00:00:00;higher_high;1,9895808175276009;2021-01-11 00:00:00;higher_low;1,6315681845986516
2021-12-17 00:00:00;EURNZD;6;1,6675299406051636;D1;;2021-08-20 00:00:00;higher_high;1,7162186234322063;2021-09-16 00:00:00;lower_low;1,6521664812391348
2021-12-19 23:00:00+00:00;EURJPY;6;127,9800033569336;H12;;2021-09-22 00:00:00+01:00;6;127,9396575731603;2021-10-20 00:00:00+01:00;higher_high;133,4537764340807
2021-12-19 23:00:00+00:00;EURJPY;6;127,63300323486328;H8;;2021-10-20 00:00:00+01:00;higher_high;133,4537764340807;2021-12-03 15:00:00+00:00;lower_low;127,37770652697296
2021-12-20 05:00:00+00:00;EURJPY;6;127,9800033569336;H6;;2021-12-03 17:00:00+00:00;lower_low;127,37770652697296;2021-12-08 11:00:00+00:00;lower_high;129,06642852143068
2021-12-20 07:00:00+00:00;EURJPY;6;127,9800033569336;H4;;2021-12-03 19:00:00+00:00;lower_low;127,37770652697296;2021-12-08 15:00:00+00:00;lower_high;129,06642852143068
2021-12-20 08:00:00+00:00;EURJPY;6;127,9800033569336;H3;;2021-12-08 14:00:00+00:00;higher_high;129,06642852143068;2021-12-14 20:00:00+00:00;higher_low;127,9436626816185
2021-12-20 11:00:00+00:00;EURJPY;6;127,90599822998048;H2;;2021-12-08 15:00:00+00:00;higher_high;129,06642852143068;2021-12-14 21:00:00+00:00;higher_low;127,9436626816185
2021-12-01 00:00:00;EURJPY;6;128,81900024414062;MO;;2016-06-01 00:00:00;higher_low;109,5901425546096;2018-02-01 00:00:00;lower_high;137,4891061570269
2021-12-13 00:00:00;EURJPY;6;127,76934814453124;W1;;2020-05-04 00:00:00;lower_low;114,44575295866582;2021-05-31 00:00:00;higher_high;134,13583838167074
2021-12-17 00:00:00;EURJPY;6;128,81900024414062;D1;;2021-09-22 00:00:00;lower_low;127,90966121800284;2021-10-20 00:00:00;higher_high;133,47977951173183
2021-12-19 23:00:00+00:00;EURGBP;6;0,8533999919891357;H12;;2021-09-29 12:00:00+01:00;6;0,8653299249836732;2021-11-22 11:00:00+00:00;lower_low;0,8382322484089427
2021-12-19 23:00:00+00:00;EURGBP;6;0,8511000275611877;H8;;2021-11-22 15:00:00+00:00;lower_low;0,8382322484089427;2021-12-08 15:00:00+00:00;lower_high;0,8588794063467851
2021-12-20 05:00:00+00:00;EURGBP;6;0,8533999919891357;H6;;2021-11-22 17:00:00+00:00;lower_low;0,8382322484089427;2021-12-08 17:00:00+00:00;lower_high;0,8588794063467851
2021-12-20 07:00:00+00:00;EURGBP;5;0,8533999919891357;H4;BUY;2021-12-07 11:00:00+00:00;higher_low;0,8489013924629425;2021-12-08 19:00:00+00:00;higher_high;0,8588794063467851
2021-12-20 08:00:00+00:00;EURGBP;5;0,8533999919891357;H3;BUY;2021-12-07 11:00:00+00:00;higher_low;0,8489013924629425;2021-12-08 20:00:00+00:00;higher_high;0,8588794063467851
2021-12-20 11:00:00+00:00;EURGBP;4;0,8526700139045715;H2;SELL;2021-12-14 09:00:00+00:00;lower_high;0,8549190729561796;2021-12-16 15:00:00+00:00;lower_low;0,8480714648546014
2021-12-01 00:00:00;EURGBP;6;0,850570023059845;MO;;2015-07-01 00:00:00;higher_low;0,6936439590788804;2020-03-01 00:00:00;lower_high;0,949486741291462
2021-12-13 00:00:00;EURGBP;6;0,8462499976158142;W1;;2020-03-16 00:00:00;higher_high;0,949486741291462;2020-12-21 00:00:00;higher_low;0,8421219715996621
2021-12-17 00:00:00;EURGBP;6;0,850570023059845;D1;SELL;2021-09-29 00:00:00;lower_high;0,8658299887546145;2021-11-22 00:00:00;lower_low;0,8379922995004199
2021-12-19 23:00:00+00:00;EURCHF;6;1,0407299995422363;H12;;2021-09-17 12:00:00+01:00;6;1,0935683529609663;2021-09-22 12:00:00+01:00;higher_low;1,0814026468482156
2021-12-19 23:00:00+00:00;EURCHF;7;1,0391099452972412;H8;SELL;2021-10-20 00:00:00+01:00;lower_high;1,0764569802158448;2021-11-04 23:00:00+00:00;lower_low;1,053424818673832
2021-12-20 05:00:00+00:00;EURCHF;6;1,0407299995422363;H6;SELL;2021-10-20 06:00:00+01:00;lower_high;1,0764569802158448;2021-12-03 17:00:00+00:00;lower_low;1,0371061473004606
2021-12-20 07:00:00+00:00;EURCHF;6;1,0407299995422363;H4;;2021-12-03 19:00:00+00:00;lower_low;1,0371061473004606;2021-12-08 15:00:00+00:00;lower_high;1,0454444426550642
2021-12-20 08:00:00+00:00;EURCHF;6;1,0407299995422363;H3;;2021-12-03 20:00:00+00:00;lower_low;1,0371061473004606;2021-12-08 14:00:00+00:00;lower_high;1,0454444426550642
2021-12-20 11:00:00+00:00;EURCHF;6;1,0403000116348269;H2;;2021-12-08 15:00:00+00:00;lower_high;1,0454444426550642;2021-12-14 07:00:00+00:00;higher_low;1,0389160748846686
2021-12-01 00:00:00;EURCHF;6;1,0414700508117676;MO;;2015-01-01 00:00:00;lower_low;0,8642301702889575;2019-01-01 00:00:00;higher_high;1,308105665474762
2021-12-13 00:00:00;EURCHF;6;1,038699984550476;W1;;2020-05-11 00:00:00;lower_low;1,0500151124998147;2021-03-01 00:00:00;lower_high;1,1150901105295947
2021-12-17 00:00:00;EURCHF;6;1,0414700508117676;D1;;2021-03-04 00:00:00;higher_high;1,1150901105295947;2021-08-19 00:00:00;lower_low;1,0694135453980271
2021-12-19 23:00:00+00:00;EURCAD;6;1,455430030822754;H12;;2021-08-20 00:00:00+01:00;6;1,5094719098550404;2021-11-24 11:00:00+00:00;lower_low;1,4169854397763868
2021-12-19 23:00:00+00:00;EURCAD;6;1,4527900218963623;H8;;2021-11-24 15:00:00+00:00;lower_low;1,4169854397763868;2021-12-02 07:00:00+00:00;higher_high;1,4536074725600103
2021-12-20 05:00:00+00:00;EURCAD;6;1,455430030822754;H6;;2021-12-02 11:00:00+00:00;higher_high;1,4536074725600103;2021-12-07 11:00:00+00:00;higher_low;1,421985030968724
2021-12-20 07:00:00+00:00;EURCAD;7;1,455430030822754;H4;BUY;2021-12-07 15:00:00+00:00;higher_low;1,421985030968724;2021-12-15 15:00:00+00:00;higher_high;1,4547275343380512
2021-12-20 08:00:00+00:00;EURCAD;7;1,455430030822754;H3;BUY;2021-12-07 14:00:00+00:00;higher_low;1,421985030968724;2021-12-15 14:00:00+00:00;higher_high;1,4547275343380512
2021-12-20 11:00:00+00:00;EURCAD;6;1,4569499492645264;H2;;2021-12-15 15:00:00+00:00;higher_high;1,4547275343380512;2021-12-16 11:00:00+00:00;higher_low;1,4428434212596777
2021-12-01 00:00:00;EURCAD;6;1,4484399557113647;MO;;2018-03-01 00:00:00;lower_high;1,6153005207455775;2020-02-01 00:00:00;higher_low;1,4263047073204178
2021-12-13 00:00:00;EURCAD;6;1,4464600086212158;W1;;2021-05-10 00:00:00;higher_low;1,4579821352334126;2021-08-16 00:00:00;lower_high;1,511472164938805
2021-12-17 00:00:00;EURCAD;6;1,4484399557113647;D1;;2021-08-20 00:00:00;higher_high;1,511472164938805;2021-11-24 00:00:00;lower_low;1,4163055249357437
2021-12-19 23:00:00+00:00;EURAUD;5;1,5848100185394287;H12;SELL;2021-09-21 12:00:00+01:00;lower_high;1,623141191629709;2021-10-29 12:00:00+01:00;lower_low;1,5356359434531357
2021-12-19 23:00:00+00:00;EURAUD;6;1,585669994354248;H8;;2021-10-29 16:00:00+01:00;lower_low;1,5356359434531357;2021-12-03 15:00:00+00:00;lower_high;1,616590588707279
2021-12-20 05:00:00+00:00;EURAUD;6;1,5848100185394287;H6;BUY;2021-11-15 23:00:00+00:00;higher_low;1,545565036439791;2021-12-03 17:00:00+00:00;higher_high;1,616590588707279
2021-12-20 07:00:00+00:00;EURAUD;6;1,5848100185394287;H4;BUY;2021-11-15 23:00:00+00:00;higher_low;1,545565036439791;2021-12-03 19:00:00+00:00;higher_high;1,616590588707279
2021-12-20 08:00:00+00:00;EURAUD;6;1,5848100185394287;H3;;2021-12-03 17:00:00+00:00;higher_high;1,616590588707279;2021-12-10 11:00:00+00:00;higher_low;1,5732328263076332
2021-12-20 11:00:00+00:00;EURAUD;6;1,5858099460601809;H2;;2021-12-14 13:00:00+00:00;higher_high;1,5897684770577656;2021-12-16 11:00:00+00:00;lower_low;1,5670333713730251
2021-12-01 00:00:00;EURAUD;6;1,5791000127792358;MO;;2015-08-01 00:00:00;lower_high;1,6531835255981853;2017-02-01 00:00:00;higher_low;1,3625698429895243
2021-12-13 00:00:00;EURAUD;6;1,5767199993133545;W1;;2020-03-16 00:00:00;higher_high;1,97382949425176;2020-12-28 00:00:00;lower_low;1,3028946805595114
2021-12-17 00:00:00;EURAUD;6;1,5791000127792358;D1;;2021-08-20 00:00:00;higher_high;1,6435228586412955;2021-11-01 00:00:00;higher_low;1,5357259391937883
2021-12-19 23:00:00+00:00;CHFJPY;6;122,97200012207033;H12;;2021-11-01 23:00:00+00:00;6;125,45013900523278;2021-11-28 23:00:00+00:00;higher_low;122,30311967875608
2021-12-19 23:00:00+00:00;CHFJPY;6;122,81700134277344;H8;;2021-11-01 23:00:00+00:00;higher_high;125,45013900523278;2021-11-28 23:00:00+00:00;higher_low;122,30311967875608
2021-12-20 05:00:00+00:00;CHFJPY;6;122,97200012207033;H6;;2021-11-01 23:00:00+00:00;higher_high;125,45013900523278;2021-11-29 05:00:00+00:00;higher_low;122,30311967875608
2021-12-20 07:00:00+00:00;CHFJPY;5;122,97200012207033;H4;BUY;2021-12-06 15:00:00+00:00;higher_low;122,39410811414852;2021-12-08 23:00:00+00:00;higher_high;123,55698066403863
2021-12-20 08:00:00+00:00;CHFJPY;6;122,97200012207033;H3;;2021-12-08 23:00:00+00:00;higher_high;123,55698066403863;2021-12-09 14:00:00+00:00;higher_low;122,56209380605269
2021-12-20 11:00:00+00:00;CHFJPY;3;122,94000244140624;H2;BUY;2021-12-09 15:00:00+00:00;higher_low;122,56209380605269;2021-12-16 13:00:00+00:00;higher_high;123,96501839485592
2021-12-01 00:00:00;CHFJPY;6;123,6719970703125;MO;;2015-01-01 00:00:00;higher_high;158,08477971848382;2016-03-01 00:00:00;lower_low;1,156243581573988
2021-12-13 00:00:00;CHFJPY;6;122,5999984741211;W1;;2020-12-28 00:00:00;lower_low;107,51531328258666;2021-06-14 00:00:00;higher_high;122,76178091263104
2021-12-17 00:00:00;CHFJPY;6;123,6719970703125;D1;;2021-11-01 00:00:00;higher_high;125,47113679563648;2021-11-29 00:00:00;higher_low;122,16355118496014
2021-12-19 23:00:00+00:00;CADJPY;6;87,93000030517578;H12;;2021-08-20 00:00:00+01:00;6;84,80614997633184;2021-10-21 00:00:00+01:00;higher_high;92,96751100208822
2021-12-19 23:00:00+00:00;CADJPY;6;87,84300231933594;H8;;2021-10-27 08:00:00+01:00;higher_low;91,45360776069924;2021-11-01 15:00:00+00:00;lower_high;92,42746645013196
2021-12-20 05:00:00+00:00;CADJPY;6;87,93000030517578;H6;;2021-10-27 12:00:00+01:00;higher_low;91,45360776069924;2021-11-01 11:00:00+00:00;lower_high;92,42746645013196
2021-12-20 07:00:00+00:00;CADJPY;6;87,93000030517578;H4;;2021-12-03 19:00:00+00:00;lower_low;87,71191337859521;2021-12-08 11:00:00+00:00;lower_high;90,24329185756152
2021-12-20 08:00:00+00:00;CADJPY;6;87,93000030517578;H3;;2021-12-03 17:00:00+00:00;lower_low;87,71191337859521;2021-12-08 14:00:00+00:00;lower_high;90,24329185756152
2021-12-20 11:00:00+00:00;CADJPY;6;87,77200317382812;H2;;2021-12-03 19:00:00+00:00;lower_low;87,71191337859521;2021-12-08 13:00:00+00:00;higher_high;90,24329185756152
2021-12-01 00:00:00;CADJPY;6;88,92400360107422;MO;;2014-12-01 00:00:00;higher_high;106,49660405150658;2016-11-01 00:00:00;higher_low;74,82095686334408
2021-12-13 00:00:00;CADJPY;6;88,1258544921875;W1;;2020-03-16 00:00:00;lower_low;69,25640411829534;2021-05-31 00:00:00;higher_high;91,18036403439297
2021-12-17 00:00:00;CADJPY;6;88,92400360107422;D1;BUY;2021-08-20 00:00:00;higher_low;84,67215811926532;2021-10-21 00:00:00;higher_high;93,0195171573904
2021-12-19 23:00:00+00:00;CADCHF;6;0,7150499820709229;H12;;2021-10-20 00:00:00+01:00;higher_high;0,7489605134399834;2021-12-03 11:00:00+00:00;higher_low;0,7132223834583993
2021-12-19 23:00:00+00:00;CADCHF;6;0,7150999903678894;H8;;2021-10-20 08:00:00+01:00;higher_high;0,7489605134399834;2021-12-03 15:00:00+00:00;lower_low;0,7132223834583993
2021-12-20 05:00:00+00:00;CADCHF;6;0,7150499820709229;H6;;2021-12-03 17:00:00+00:00;lower_low;0,7132223834583993;2021-12-08 11:00:00+00:00;lower_high;0,7325391798190021
2021-12-20 07:00:00+00:00;CADCHF;6;0,7150499820709229;H4;;2021-12-08 11:00:00+00:00;lower_high;0,7325391798190021;2021-12-14 11:00:00+00:00;higher_low;0,7163621024104568
2021-12-20 08:00:00+00:00;CADCHF;6;0,7150499820709229;H3;;2021-12-08 11:00:00+00:00;lower_high;0,7325391798190021;2021-12-14 11:00:00+00:00;higher_low;0,7163621024104568
2021-12-20 11:00:00+00:00;CADCHF;6;0,713729977607727;H2;;2021-12-14 13:00:00+00:00;higher_low;0,7163621024104568;2021-12-16 15:00:00+00:00;lower_high;0,7219583216078485
2021-12-01 00:00:00;CADCHF;6;0,7189599871635437;MO;;2015-01-01 00:00:00;lower_low;0,6302590649394542;2017-09-01 00:00:00;lower_high;0,7952442796752035
2021-12-13 00:00:00;CADCHF;6;0,7166000008583069;W1;;2020-03-16 00:00:00;lower_low;0,6604566291170733;2021-03-29 00:00:00;lower_high;0,7528308365440085
2021-12-17 00:00:00;CADCHF;6;0,7189599871635437;D1;;2021-08-20 00:00:00;lower_low;0,7087727198812983;2021-10-20 00:00:00;higher_high;0,7494405484319239
2021-12-19 23:00:00+00:00;AUDUSD;6;0,711004912853241;H12;;2021-09-03 12:00:00+01:00;6;0,746362435068727;2021-09-29 12:00:00+01:00;higher_low;0,7174205357602973
2021-12-19 23:00:00+00:00;AUDUSD;6;0,7096728086471558;H8;;2021-10-28 08:00:00+01:00;higher_high;0,7549432170244998;2021-12-03 15:00:00+00:00;lower_low;0,6999343037515651
2021-12-20 05:00:00+00:00;AUDUSD;6;0,711004912853241;H6;;2021-10-28 12:00:00+01:00;higher_high;0,7549432170244998;2021-12-03 17:00:00+00:00;lower_low;0,6999343037515651
2021-12-20 07:00:00+00:00;AUDUSD;6;0,711004912853241;H4;;2021-10-28 12:00:00+01:00;higher_high;0,7549432170244998;2021-12-03 19:00:00+00:00;lower_low;0,6999343037515651
2021-12-20 08:00:00+00:00;AUDUSD;6;0,711004912853241;H3;;2021-10-28 15:00:00+01:00;higher_high;0,7549432170244998;2021-12-03 17:00:00+00:00;lower_low;0,6999343037515651
2021-12-20 11:00:00+00:00;AUDUSD;4;0,7106260061264038;H2;SELL;2021-12-01 03:00:00+00:00;lower_high;0,7170426273808056;2021-12-03 19:00:00+00:00;lower_low;0,6999343037515651
2021-12-01 00:00:00;AUDUSD;6;0,717560887336731;MO;;2011-07-01 00:00:00;6;1,1081472773517356;2016-01-01 00:00:00;higher_low;0,6831448533348696
2021-12-13 00:00:00;AUDUSD;6;0,7218199968338013;W1;;2020-03-16 00:00:00;lower_low;0,551955439792353;2020-12-28 00:00:00;higher_high;0,8208263357010561
2021-12-17 00:00:00;AUDUSD;6;0,717560887336731;D1;;2021-08-20 00:00:00;lower_low;0,7106725836063313;2021-09-03 00:00:00;lower_high;0,7478604208314819
2021-12-19 23:00:00+00:00;AUDNZD;6;1,05826997756958;H12;;2021-10-12 12:00:00+01:00;higher_high;1,0608457391740849;2021-11-19 11:00:00+00:00;higher_low;1,0315566880927156
2021-12-19 23:00:00+00:00;AUDNZD;6;1,0563600063323977;H8;;2021-11-19 15:00:00+00:00;higher_low;1,0315566880927156;2021-11-25 07:00:00+00:00;lower_high;1,0494747575532493
2021-12-20 05:00:00+00:00;AUDNZD;6;1,05826997756958;H6;;2021-11-25 11:00:00+00:00;lower_high;1,0494747575532493;2021-12-14 17:00:00+00:00;higher_low;1,0523849208705762
2021-12-20 07:00:00+00:00;AUDNZD;6;1,05826997756958;H4;BUY;2021-12-03 19:00:00+00:00;higher_low;1,036766189880139;2021-12-15 23:00:00+00:00;higher_high;1,0589655375454017
2021-12-20 08:00:00+00:00;AUDNZD;6;1,05826997756958;H3;BUY;2021-12-03 17:00:00+00:00;higher_low;1,036766189880139;2021-12-15 23:00:00+00:00;higher_high;1,0589655375454017
2021-12-20 11:00:00+00:00;AUDNZD;6;1,0578399896621704;H2;;2021-12-03 19:00:00+00:00;lower_low;1,036766189880139;2021-12-15 23:00:00+00:00;higher_high;1,0589655375454017
2021-12-01 00:00:00;AUDNZD;6;1,0557299852371216;MO;SELL;2017-10-01 00:00:00;lower_high;1,1282511642736115;2020-03-01 00:00:00;lower_low;0,9894700309767068
2021-12-13 00:00:00;AUDNZD;6;1,0568079948425293;W1;;2020-12-28 00:00:00;higher_low;0,9998591750376016;2021-03-29 00:00:00;lower_high;1,094648476399929
2021-12-17 00:00:00;AUDNZD;6;1,0557299852371216;D1;;2021-10-12 00:00:00;lower_high;1,0611557083729042;2021-11-19 00:00:00;higher_low;1,031716654031731
2021-12-19 23:00:00+00:00;AUDJPY;6;80,73999786376953;H12;;2021-08-20 00:00:00+01:00;6;77,9666987356451;2021-10-21 00:00:00+01:00;6;86,22396989779378
2021-12-19 23:00:00+00:00;AUDJPY;6;80,48799896240234;H8;;2021-10-21 00:00:00+01:00;6;86,22396989779378;2021-12-03 15:00:00+00:00;higher_low;78,79363538620534
2021-12-20 05:00:00+00:00;AUDJPY;6;80,73999786376953;H6;SELL;2021-11-15 23:00:00+00:00;lower_high;84,13980186002759;2021-12-03 17:00:00+00:00;lower_low;78,79363538620534
2021-12-20 07:00:00+00:00;AUDJPY;6;80,73999786376953;H4;;2021-12-03 19:00:00+00:00;lower_low;78,79363538620534;2021-12-08 19:00:00+00:00;lower_high;81,5985961604948
2021-12-20 08:00:00+00:00;AUDJPY;6;80,73999786376953;H3;;2021-12-03 17:00:00+00:00;lower_low;78,79363538620534;2021-12-08 17:00:00+00:00;lower_high;81,5985961604948
2021-12-20 11:00:00+00:00;AUDJPY;6;80,65399932861328;H2;;2021-12-08 19:00:00+00:00;higher_high;81,5985961604948;2021-12-14 03:00:00+00:00;higher_low;80,6264874483505
2021-12-01 00:00:00;AUDJPY;6;81,552001953125;MO;;2014-12-01 00:00:00;6;148,6120141824153;2016-06-01 00:00:00;higher_low;73,06209631917251
2021-12-13 00:00:00;AUDJPY;0;80,98456573486328;W1;SELL;2019-04-15 00:00:00;lower_high;80,67951554971418;2020-03-16 00:00:00;lower_low;59,19021626911563
2021-12-17 00:00:00;AUDJPY;6;81,552001953125;D1;;2021-05-10 00:00:00;higher_high;85,80393015959824;2021-08-20 00:00:00;higher_low;77,90170154695194
2021-12-19 23:00:00+00:00;AUDCHF;6;0,6565899848937988;H12;;2021-10-21 00:00:00+01:00;higher_high;0,6930160206384121;2021-12-03 11:00:00+00:00;lower_low;0,641348149383283
2021-12-19 23:00:00+00:00;AUDCHF;6;0,6553000211715698;H8;;2021-10-21 00:00:00+01:00;higher_high;0,6930160206384121;2021-12-03 15:00:00+00:00;lower_low;0,641348149383283
2021-12-20 05:00:00+00:00;AUDCHF;6;0,6565899848937988;H6;;2021-10-21 00:00:00+01:00;higher_high;0,6930160206384121;2021-12-03 17:00:00+00:00;lower_low;0,641348149383283
2021-12-20 07:00:00+00:00;AUDCHF;6;0,6565899848937988;H4;SELL;2021-11-24 07:00:00+00:00;lower_high;0,6752245635491887;2021-12-03 19:00:00+00:00;lower_low;0,641348149383283
2021-12-20 08:00:00+00:00;AUDCHF;6;0,6565899848937988;H3;SELL;2021-11-24 08:00:00+00:00;lower_high;0,6752245635491887;2021-12-03 20:00:00+00:00;lower_low;0,641348149383283
2021-12-20 11:00:00+00:00;AUDCHF;2;0,6556199789047241;H2;BUY;2021-12-14 13:00:00+00:00;higher_low;0,6540671699300138;2021-12-16 11:00:00+00:00;higher_high;0,6668738741140776
2021-12-01 00:00:00;AUDCHF;5;0,6593499779701233;MO;SELL;2017-02-01 00:00:00;lower_high;0,780393059265164;2020-03-01 00:00:00;lower_low;0,5347517705693402
2021-12-13 00:00:00;AUDCHF;6;0,6572359800338745;W1;;2020-03-16 00:00:00;6;0,5347517705693402;2021-02-22 00:00:00;lower_high;0,7258536210761631
2021-12-17 00:00:00;AUDCHF;6;0,6593499779701233;D1;;2021-08-20 00:00:00;higher_low;0,6510473658323893;2021-10-21 00:00:00;lower_high;0,6931659980430714
2021-12-19 23:00:00+00:00;AUDCAD;6;0,918340027332306;H12;;2021-10-08 12:00:00+01:00;lower_low;0,9102464228807832;2021-10-27 12:00:00+01:00;lower_high;0,9336154241700008
2021-12-19 23:00:00+00:00;AUDCAD;6;0,9162300229072572;H8;;2021-11-10 23:00:00+00:00;higher_low;0,9130961886684186;2021-11-30 07:00:00+00:00;lower_high;0,9145238847295762
2021-12-20 05:00:00+00:00;AUDCAD;0;0,918340027332306;H6;SELL;2021-11-30 11:00:00+00:00;lower_high;0,9145238847295762;2021-12-03 11:00:00+00:00;lower_low;0,8973374576814288
2021-12-20 07:00:00+00:00;AUDCAD;0;0,918340027332306;H4;SELL;2021-11-30 11:00:00+00:00;lower_high;0,9145238847295762;2021-12-03 15:00:00+00:00;lower_low;0,8973374576814288
2021-12-20 08:00:00+00:00;AUDCAD;0;0,918340027332306;H3;SELL;2021-11-30 14:00:00+00:00;lower_high;0,9145238847295762;2021-12-03 14:00:00+00:00;lower_low;0,8973374576814288
2021-12-20 11:00:00+00:00;AUDCAD;6;0,9182699918746948;H2;;2021-12-03 15:00:00+00:00;lower_low;0,8973374576814288;2021-12-16 11:00:00+00:00;higher_high;0,9220945247539664
2021-12-01 00:00:00;AUDCAD;0;0,916700005531311;MO;BUY;2013-08-01 00:00:00;higher_low;0,9193656734012168;2014-12-01 00:00:00;higher_high;1,4343159433768862
2021-12-13 00:00:00;AUDCAD;6;0,9186059832572936;W1;;2020-03-16 00:00:00;lower_low;0,8089146160955639;2021-02-22 00:00:00;higher_high;0,999390768940506
2021-12-17 00:00:00;AUDCAD;6;0,916700005531311;D1;;2021-10-11 00:00:00;lower_low;0,9103264058502908;2021-10-27 00:00:00;lower_high;0,9336854652870415
